{
    "mse": 2.1885362313947563,
    "rmse": 1.4793702144476062,
    "r2": -1.044770346624765,
    "mae": 1.3485250173042291
}